{
  "@type": "Dataset",
  "identifier": "10.1038/s41597-020-0510-y",
  "title": "Metadata record for: A harmonized global nighttime light dataset 1992-2018",
  "relatedPublications": [
    {
      "doi": "https://doi.org/10.3390/rs9060637",
      "@type": "ScholarlyArticle"
    }
  ],
  "repositories": [
    {
      "name": "figshare",
      "value": "https://doi.org/10.6084/m9.figshare.9828827.v2",
      "@type": "DataCatalog"
    }
  ],
  "assays": [
    {
      "measurementType": {
        "annotationValue": "nighttime light",
        "@type": "PropertyValue"
      },
      "technologyType": {
        "annotationValue": "satellite imaging",
        "termAccession": "http://purl.obolibrary.org/obo/ENVO_01001492",
        "termSource": "ENVO",
        "@type": "PropertyValue"
      },
      "@type": "variableMeasured"
    },
    {
      "measurementType": {
        "annotationValue": "nighttime light",
        "@type": "PropertyValue"
      },
      "technologyType": {
        "annotationValue": "Visible Infrared Imaging Radiometer Suite",
        "@type": "PropertyValue"
      },
      "@type": "variableMeasured"
    },
    {
      "measurementType": {
        "annotationValue": "light",
        "termAccession": "http://www.ebi.ac.uk/efo/EFO_0000568",
        "termSource": "EFO",
        "@type": "PropertyValue"
      },
      "technologyType": {
        "annotationValue": "satellite imaging",
        "termAccession": "http://purl.obolibrary.org/obo/ENVO_01001492",
        "termSource": "ENVO",
        "@type": "PropertyValue"
      },
      "@type": "variableMeasured"
    },
    {
      "measurementType": {
        "annotationValue": "light",
        "termAccession": "http://www.ebi.ac.uk/efo/EFO_0000568",
        "termSource": "EFO",
        "@type": "PropertyValue"
      },
      "technologyType": {
        "annotationValue": "Visible Infrared Imaging Radiometer Suite",
        "@type": "PropertyValue"
      },
      "@type": "variableMeasured"
    }
  ],
  "factors": [
    {
      "name": "year of data collection",
      "type": {
        "annotationValue": "temporal measurement",
        "termAccession": "http://www.ebi.ac.uk/efo/EFO_0000719",
        "termSource": "EFO",
        "@type": "PropertyValue"
      },
      "@type": "variableMeasured"
    },
    {
      "name": "spatial resolution",
      "type": {
        "annotationValue": "Resolution",
        "termAccession": "http://ncicb.nci.nih.gov/xml/owl/EVS/Thesaurus.owl#C47876",
        "termSource": "NCIT",
        "@type": "PropertyValue"
      },
      "@type": "variableMeasured"
    }
  ],
  "studyCharacteristics": {
    "organism": [],
    "environmentType": [
      {
        "annotationValue": "city",
        "termAccession": "http://purl.obolibrary.org/obo/ENVO_00000856",
        "termSource": "ENVO",
        "@type": "PropertyValue"
      }
    ],
    "geographicalLocation": [
      {
        "annotationValue": "Earth (planet)",
        "@type": "Place"
      }
    ],
    "@type": "variableMeasured"
  },
  "ontologySourceReferences": {
    "EFO": {
      "name": "EFO",
      "description": "Experimental Factor Ontology",
      "file": "http://data.bioontology.org/ontologies/EFO",
      "version": "2.105",
      "@type": "DefinedTermSet"
    },
    "NCIT": {
      "name": "NCIT",
      "description": "National Cancer Institute Thesaurus",
      "file": "http://data.bioontology.org/ontologies/NCIT",
      "version": "20.01d",
      "@type": "DefinedTermSet"
    },
    "ENVO": {
      "name": "ENVO",
      "description": "Environment Ontology",
      "file": "http://data.bioontology.org/ontologies/ENVO",
      "version": null,
      "@type": "DefinedTermSet"
    },
    "@type": "CategoryCodeSet"
  },
  "comments": [
    {
      "name": "Created With Configuration",
      "value": "1.0",
      "@type": "SoftwareApplication"
    },
    {
      "name": "Data Descriptor License",
      "value": "CC-BY-4.0",
      "@type": "CreativeWork"
    }
  ]
}